municipio,vif_total,alimentos_familia_total,medidas_proteccion_total,inasistencia_total,ivf_score_bruto,ivf_score_ponderado,ivf_tasa_100k,alerta
SIN_DATO,0,114650,0,0,34395.0,91.91666666666667,11465.0,True
"BOGOTA, D.C.",25842,0,0,0,10336.800000000001,33.14,4134.719999999999,True
BOGOTA D.C. (CT),11658,0,0,0,4663.200000000001,12.483333333333334,1554.3999999999999,True
MEDELLIN,6398,0,0,0,2559.2,8.2,1023.68,True
SOACHA,6651,0,0,0,2660.4,7.1000000000000005,886.7999999999998,True
MEDELLIN (CT),6069,0,0,0,2427.6000000000004,6.5,809.1999999999999,True
CALI (CT),4797,0,0,0,1918.8,5.133333333333334,639.6,True
CALI,3246,0,0,0,1298.4,4.16,11.608,True
CARTAGENA (CT),3740,0,0,0,1496.0,3.983333333333333,498.6666666666667,True
BELLO,3621,0,0,0,1448.4,3.8666666666666667,482.8,True
PASTO (CT),3419,0,0,0,1367.6000000000001,3.6500000000000004,455.8666666666666,True
BARRANQUILLA (CT),3402,0,0,0,1360.8000000000002,3.6166666666666667,453.59999999999997,True
BARRANQUILLA,2796,0,0,0,1118.4,3.56,447.36,True
IBAGUE (CT),3291,0,0,0,1316.4,3.5,438.8,True
FUSAGASUGA,3093,0,0,0,1237.2,3.3166666666666664,412.40000000000003,True
BARRANCABERMEJA,3072,0,0,0,1228.8000000000002,3.3000000000000003,409.59999999999997,True
SOGAMOSO,2779,0,0,0,1111.6000000000001,2.966666666666667,370.5333333333333,True
SOLEDAD,2653,0,0,0,1061.2,2.85,353.73333333333335,True
CUCUTA (CT),2602,0,0,0,1040.8,2.783333333333333,346.93333333333334,True
BUCARAMANGA (CT),2408,0,0,0,963.2,2.5833333333333335,321.06666666666666,True
PALMIRA,2426,0,0,0,970.4000000000001,2.5833333333333335,51.99666666666667,True
ITAGUI,2300,0,0,0,920.0,2.466666666666667,306.6666666666667,True
VILLAVICENCIO,1892,0,0,0,756.8000000000001,2.42,302.71999999999997,True
TUNJA (CT),2280,0,0,0,912.0000000000001,2.4166666666666665,304.0,True
VALLEDUPAR (CT),2210,0,0,0,884.0,2.3666666666666667,294.6666666666667,True
IBAGUE,1773,0,0,0,709.2,2.28,283.68,True
VILLAVICENCIO (CT),2125,0,0,0,850.0,2.25,283.3333333333333,True
MOSQUERA,2093,0,0,0,837.2,2.2333333333333334,279.06666666666666,True
SANTA MARTA (CT),2049,0,0,0,819.6,2.1833333333333336,273.2,True
FACATATIVA,2036,0,0,0,814.4,2.183333333333333,271.46666666666664,True
NEIVA (CT),2014,0,0,0,805.6,2.1666666666666665,268.53333333333336,True
PEREIRA (CT),1994,0,0,0,797.6,2.15,265.8666666666666,True
CHIA,2024,0,0,0,809.6,2.15,269.8666666666667,True
CARTAGENA DE INDIAS,1654,0,0,0,661.6,2.12,264.64,True
FLORIDABLANCA,1878,0,0,0,751.2,2.0166666666666666,250.4,True
GIRARDOT,1846,0,0,0,738.4000000000001,1.9666666666666668,246.13333333333333,True
CUCUTA,1490,0,0,0,596.0,1.9,238.4,True
POPAYAN (CT),1755,0,0,0,702.0,1.8499999999999999,234.0,True
ZIPAQUIRA,1729,0,0,0,691.6,1.8333333333333333,230.53333333333333,True
MADRID,1720,0,0,0,688.0,1.8166666666666667,229.33333333333334,True
GIRON,1694,0,0,0,677.6,1.8,225.86666666666667,True
SANTA MARTA,1398,0,0,0,559.2,1.8,223.68,True
ENVIGADO,1621,0,0,0,648.4000000000001,1.7333333333333334,216.13333333333333,True
GUADALAJARA DE BUGA,1540,0,0,0,616.0,1.6500000000000001,83.74166666666666,True
BUCARAMANGA,1288,0,0,0,515.2,1.64,206.08,True
SINCELEJO (CT),1487,0,0,0,594.8000000000001,1.5666666666666667,198.26666666666665,True
DUITAMA,1407,0,0,0,562.8,1.5166666666666666,187.6,True
VALLEDUPAR,1114,0,0,0,445.6,1.44,178.24,True
NEIVA,1097,0,0,0,438.8,1.42,175.52,True
TUNJA,1093,0,0,0,437.20000000000005,1.3800000000000001,174.88,True
DOSQUEBRADAS,1264,0,0,0,505.6,1.3499999999999999,168.53333333333333,True
TULUA,1254,0,0,0,501.6,1.3333333333333333,37.818333333333335,True
PITALITO,1249,0,0,0,499.6,1.3166666666666667,166.53333333333333,True
YUMBO,1246,0,0,0,498.40000000000003,1.3166666666666667,70.16,True
YOPAL (CT),1210,0,0,0,484.0,1.3,161.33333333333334,True
CAJICA,1184,0,0,0,473.6,1.2666666666666666,157.86666666666667,True
FUNZA,1155,0,0,0,462.0,1.2166666666666666,154.0,True
POPAYAN,949,0,0,0,379.6,1.2,151.84,True
SABANETA,1107,0,0,0,442.80000000000007,1.1833333333333333,147.6,True
PIEDECUESTA,1068,0,0,0,427.20000000000005,1.1500000000000001,142.4,True
CANDELARIA,1069,0,0,0,427.6,1.1500000000000001,68.63,True
APARTADO,1076,0,0,0,430.40000000000003,1.1500000000000001,143.46666666666667,True
YOPAL,904,0,0,0,361.6,1.1400000000000001,144.64000000000001,True
MANIZALES (CT),1061,0,0,0,424.40000000000003,1.1333333333333333,141.46666666666667,True
PASTO,889,0,0,0,355.6,1.1199999999999999,142.24,True
VILLA DE SAN DIEGO DE UBATE,1029,0,0,0,411.6,1.1166666666666667,137.20000000000002,True
BARBOSA,1037,0,0,0,414.8,1.0999999999999999,138.26666666666668,True
CARTAGO,1000,0,0,0,400.0,1.0833333333333333,48.31,True
ACACIAS,1003,0,0,0,401.20000000000005,1.0666666666666667,133.73333333333332,True
MAGANGUE,1014,0,0,0,405.6,1.0666666666666667,135.2,True
ESPINAL,1011,0,0,0,404.40000000000003,1.0666666666666667,134.79999999999998,True
FLORENCIA (CT),998,0,0,0,399.20000000000005,1.05,133.06666666666666,True
COPACABANA,983,0,0,0,393.20000000000005,1.05,131.06666666666666,True
PEREIRA,804,0,0,0,321.6,1.02,128.64000000000001,True
IPIALES,1102,0,1,1,441.1,1.0142857142857142,126.02857142857144,True
GRANADA,934,0,0,0,373.6,0.9833333333333334,124.53333333333335,True
SAN ANDRES DE TUMACO,1041,0,1,1,416.7,0.9571428571428572,119.05714285714285,True
LA MESA,872,0,0,0,348.8,0.9333333333333332,116.26666666666667,True
TOCANCIPA,849,0,0,0,339.6,0.9166666666666666,113.2,True
LA ESTRELLA,867,0,0,0,346.8,0.9166666666666666,115.60000000000001,True
RIONEGRO,862,0,0,0,344.8,0.9166666666666666,114.93333333333334,True
CHAPARRAL,863,0,0,0,345.20000000000005,0.9,115.06666666666666,True
SAN JOSE DEL GUAVIARE (CT),860,0,0,0,344.0,0.9,114.66666666666667,True
SAN ANDRES (CT),830,0,0,0,332.0,0.9,110.66666666666667,True
JAMUNDI,820,0,0,0,328.0,0.8833333333333334,32.64833333333333,True
BUENAVENTURA,824,0,0,0,329.6,0.8666666666666667,12.58,True
SIBATE,794,0,0,0,317.6,0.85,105.86666666666667,True
GUARNE,769,0,0,0,307.6,0.8166666666666668,102.53333333333335,True
RIOHACHA (CT),741,0,0,0,296.4,0.7999999999999999,98.8,True
OCANA,747,0,0,0,298.8,0.7999999999999999,99.60000000000001,True
TURBACO,733,0,0,0,293.2,0.7833333333333333,97.73333333333333,True
MONTERIA (CT),744,0,0,0,297.6,0.7833333333333333,99.2,True
SANTANDER DE QUILICHAO,717,0,0,0,286.8,0.7666666666666666,95.60000000000001,True
MALAMBO,708,0,0,0,283.20000000000005,0.75,94.39999999999999,True
ARMENIA,695,0,0,0,278.0,0.75,92.66666666666667,True
CALDAS,716,0,0,0,286.40000000000003,0.75,95.46666666666668,True
SINCELEJO,575,0,0,0,230.0,0.74,92.0,True
LA CEJA,690,0,0,0,276.0,0.7333333333333334,92.0,True
SABANALARGA,686,0,0,0,274.4,0.7333333333333334,91.46666666666665,True
PUERTO ASIS,788,0,1,1,315.5,0.7285714285714285,90.14285714285714,True
MANIZALES,581,0,0,0,232.4,0.72,92.96000000000001,True
LOS PATIOS,670,0,0,0,268.0,0.7000000000000001,89.33333333333333,True
TURBO,666,0,0,0,266.40000000000003,0.7000000000000001,88.8,True
CAUCASIA,647,0,0,0,258.8,0.7000000000000001,86.26666666666667,True
GARZON,651,0,0,0,260.40000000000003,0.6833333333333335,86.8,True
AGUACHICA,639,0,0,0,255.60000000000002,0.6833333333333332,85.2,True
CIENAGA,622,0,0,0,248.8,0.6666666666666666,82.93333333333334,True
MAICAO,632,0,0,0,252.8,0.65,84.26666666666667,True
COROZAL,591,0,0,0,236.4,0.65,78.8,True
ARAUCA,511,0,0,0,204.4,0.64,81.76,True
PUERTO BOYACA,595,0,0,0,238.0,0.6333333333333333,79.33333333333333,True
ARAUCA (CT),589,0,0,0,235.60000000000002,0.6166666666666667,78.53333333333333,True
VILLA DEL ROSARIO,547,0,0,0,218.8,0.5833333333333334,72.93333333333334,True
MOCOA (CT),542,0,0,0,216.8,0.5666666666666667,72.26666666666667,True
VILLETA,533,0,0,0,213.20000000000002,0.5666666666666667,71.06666666666666,True
TAME,529,0,0,0,211.60000000000002,0.5666666666666667,70.53333333333333,True
ARMENIA (CT),547,0,0,0,218.8,0.5666666666666667,72.93333333333334,True
GIRARDOTA,517,0,0,0,206.8,0.5499999999999999,68.93333333333334,True
LA UNION,533,0,0,0,213.20000000000002,0.5499999999999999,98.70333333333333,True
MONTERIA,435,0,0,0,174.0,0.54,69.6,True
EL CARMEN DE BOLIVAR,521,0,0,0,208.4,0.5333333333333333,69.46666666666667,True
QUIBDO (CT),491,0,0,0,196.40000000000003,0.5166666666666667,65.46666666666667,True
LA CALERA,471,0,0,0,188.4,0.5166666666666667,62.800000000000004,True
BARANOA,454,0,0,0,181.60000000000002,0.48333333333333334,60.53333333333333,True
RIOHACHA,382,0,0,0,152.8,0.48,61.120000000000005,True
LA DORADA,457,0,0,0,182.8,0.4666666666666666,60.93333333333333,True
VILLANUEVA,444,0,0,0,177.60000000000002,0.4666666666666666,59.199999999999996,True
MARIQUITA,431,0,0,0,172.4,0.4666666666666666,57.46666666666667,True
LIBANO,435,0,0,0,174.0,0.4666666666666666,58.0,True
CHIQUINQUIRA,435,0,0,0,174.0,0.4666666666666666,58.0,True
EL CARMEN DE VIBORAL,437,0,0,0,174.8,0.4666666666666666,58.26666666666667,True
LETICIA,353,0,0,0,141.20000000000002,0.45999999999999996,56.48,True
SAN PEDRO,448,0,0,0,179.20000000000002,0.45,181.01,True
GUAMO,446,0,0,0,178.4,0.45,59.46666666666667,True
GALAPA,417,0,0,0,166.8,0.45,55.6,True
ZARZAL,397,0,0,0,158.8,0.43333333333333335,60.01500000000001,True
HONDA,402,0,0,0,160.8,0.43333333333333335,53.6,True
PUERTO LOPEZ,399,0,0,0,159.6,0.43333333333333335,53.199999999999996,True
SAHAGUN,390,0,0,0,156.0,0.4333333333333333,52.0,True
ORTEGA,386,0,0,0,154.4,0.4166666666666667,51.46666666666667,True
FLANDES,381,0,0,0,152.4,0.4166666666666667,50.800000000000004,True
PUERTO TEJADA,405,0,0,0,162.0,0.4166666666666667,54.0,True
PUERTO WILCHES,393,0,0,0,157.20000000000002,0.4166666666666667,52.400000000000006,True
PAZ DE ARIPORO,390,0,0,0,156.0,0.4166666666666667,52.0,True
SAMPUES,364,0,0,0,145.60000000000002,0.39999999999999997,48.53333333333333,True
CHIGORODO,392,0,0,0,156.8,0.39999999999999997,52.26666666666667,True
PRADERA,359,0,0,0,143.60000000000002,0.39999999999999997,44.09166666666667,True
SANTA ROSA,369,0,0,0,147.60000000000002,0.3833333333333333,49.199999999999996,True
LA VEGA,370,0,0,0,148.0,0.3833333333333333,49.333333333333336,True
VILLAMARIA,353,0,0,0,141.20000000000002,0.3833333333333333,47.06666666666666,True
GUACARI,360,0,0,0,144.0,0.3833333333333333,76.38666666666667,True
LA PLATA,350,0,0,0,140.0,0.3833333333333333,46.666666666666664,True
VALLE DEL GUAMUEZ,402,0,1,1,161.1,0.37142857142857144,46.028571428571425,True
RESTREPO,346,0,0,0,138.4,0.3666666666666667,144.16666666666666,True
ROLDANILLO,350,0,0,0,140.0,0.3666666666666667,61.405,True
FUNDACION,322,0,0,0,128.8,0.3666666666666667,42.93333333333334,True
SANTA ROSA DE CABAL,364,0,0,0,145.60000000000002,0.3666666666666667,48.53333333333333,True
EL CERRITO,332,0,0,0,132.8,0.35000000000000003,38.663333333333334,True
EL COLEGIO,323,0,0,0,129.20000000000002,0.35000000000000003,43.06666666666666,True
YARUMAL,337,0,0,0,134.8,0.35000000000000003,44.93333333333334,True
ANDES,317,0,0,0,126.80000000000001,0.35000000000000003,42.266666666666666,True
PAMPLONA,333,0,0,0,133.2,0.35000000000000003,44.4,True
COYAIMA,328,0,0,0,131.2,0.35000000000000003,43.73333333333333,True
RICAURTE,335,0,0,0,134.0,0.35000000000000003,44.666666666666664,True
CALARCA,349,0,0,0,139.6,0.35000000000000003,46.53333333333333,True
FLORENCIA,326,0,0,0,130.4,0.35000000000000003,43.46666666666667,True
AMAGA,316,0,0,0,126.4,0.35000000000000003,42.13333333333333,True
GACHANCIPA,316,0,0,0,126.4,0.3333333333333333,42.13333333333333,True
INIRIDA (CT),299,0,0,0,119.6,0.3333333333333333,39.86666666666667,True
VILLAPINZON,317,0,0,0,126.8,0.3333333333333333,42.266666666666666,True
GUADUAS,316,0,0,0,126.4,0.3333333333333333,42.13333333333333,True
PLANADAS,288,0,0,0,115.20000000000002,0.3333333333333333,38.4,True
PUERTO BERRIO,314,0,0,0,125.60000000000001,0.3333333333333333,41.86666666666667,True
SAN ANDRES,307,0,0,0,122.80000000000001,0.3333333333333333,40.93333333333333,True
PUERTO COLOMBIA,298,0,0,0,119.20000000000002,0.3333333333333333,39.73333333333333,True
AGUAZUL,313,0,0,0,125.2,0.3333333333333333,41.733333333333334,True
COTA,318,0,0,0,127.2,0.3333333333333333,42.4,True
ARJONA,291,0,0,0,116.4,0.3166666666666667,38.8,True
PLATO,286,0,0,0,114.4,0.3166666666666667,38.13333333333333,True
MONIQUIRA,292,0,0,0,116.80000000000001,0.31666666666666665,38.93333333333333,True
MITU (CT),292,0,0,0,116.80000000000001,0.31666666666666665,38.93333333333333,True
AGUSTIN CODAZZI,307,0,0,0,122.80000000000001,0.31666666666666665,40.93333333333333,True
PUERTO GAITAN,298,0,0,0,119.2,0.31666666666666665,39.733333333333334,True
SEVILLA,287,0,0,0,114.80000000000001,0.31666666666666665,43.27,True
SANTIAGO DE TOLU,303,0,0,0,121.2,0.31666666666666665,40.4,True
SILVANIA,304,0,0,0,121.60000000000001,0.31666666666666665,40.53333333333333,True
PAIPA,287,0,0,0,114.80000000000001,0.3,38.266666666666666,True
SAN MARTIN,291,0,0,0,116.4,0.3,38.800000000000004,True
PACHO,286,0,0,0,114.4,0.3,38.13333333333333,True
TAURAMENA,254,0,0,0,101.6,0.3,33.86666666666667,True
SEGOVIA,276,0,0,0,110.4,0.3,36.800000000000004,True
PIENDAMO,283,0,0,0,113.20000000000002,0.3,37.73333333333333,True
SAN GIL,277,0,0,0,110.80000000000001,0.2833333333333334,36.93333333333333,True
CAMPOALEGRE,251,0,0,0,100.4,0.2833333333333333,33.46666666666667,True
SARAVENA,264,0,0,0,105.60000000000001,0.2833333333333333,35.199999999999996,True
CHOCONTA,262,0,0,0,104.80000000000001,0.2833333333333333,34.93333333333333,True
EL ROSAL,268,0,0,0,107.20000000000002,0.2833333333333333,35.73333333333333,True
ROVIRA,268,0,0,0,107.20000000000002,0.2833333333333333,35.733333333333334,True
SAN VICENTE DEL CAGUAN,296,0,1,1,118.7,0.2714285714285714,33.91428571428572,True
CAQUEZA,255,0,0,0,102.0,0.26666666666666666,34.0,True
LEBRIJA,250,0,0,0,100.0,0.26666666666666666,33.333333333333336,True
SAN AGUSTIN,279,0,0,0,111.60000000000001,0.26666666666666666,37.199999999999996,True
CAREPA,258,0,0,0,103.2,0.26666666666666666,34.4,True
TUQUERRES,246,0,0,0,98.4,0.26666666666666666,32.800000000000004,True
REPELON,266,0,0,0,106.4,0.26666666666666666,35.46666666666667,True
VILLAGARZON,278,0,1,1,111.5,0.2571428571428572,31.857142857142858,True
EL TAMBO,289,0,1,1,115.9,0.2571428571428572,33.114285714285714,True
LERIDA,228,0,0,0,91.2,0.25,30.400000000000002,True
ANAPOIMA,249,0,0,0,99.60000000000001,0.25,33.199999999999996,True
SALDANA,228,0,0,0,91.2,0.25,30.400000000000002,True
FONSECA,233,0,0,0,93.2,0.25,31.066666666666666,True
REMEDIOS,231,0,0,0,92.4,0.25,30.799999999999997,True
PURIFICACION,244,0,0,0,97.60000000000001,0.25,32.53333333333333,True
CIMITARRA,249,0,0,0,99.60000000000001,0.25,33.199999999999996,True
LORICA,216,0,0,0,86.4,0.25,28.8,True
DAGUA,294,0,1,1,117.9,0.24285714285714285,47.04714285714285,True
NEMOCON,212,0,0,0,84.8,0.23333333333333336,28.266666666666666,True
SANTA ROSA DE OSOS,226,0,0,0,90.4,0.23333333333333336,30.133333333333336,True
PASCA,214,0,0,0,85.60000000000001,0.23333333333333336,28.53333333333333,True
SAMACA,236,0,0,0,94.4,0.2333333333333333,31.46666666666667,True
SAN LUIS,232,0,0,0,92.80000000000001,0.2333333333333333,30.933333333333334,True
FRESNO,230,0,0,0,92.0,0.2333333333333333,30.666666666666668,True
GUACHETA,225,0,0,0,90.0,0.2333333333333333,30.0,True
ISNOS,232,0,0,0,92.80000000000001,0.2333333333333333,30.933333333333334,True
LA VIRGINIA,217,0,0,0,86.80000000000001,0.2333333333333333,28.933333333333334,True
CHINU,219,0,0,0,87.60000000000001,0.2333333333333333,29.2,True
COGUA,230,0,0,0,92.0,0.2333333333333333,30.666666666666668,True
FLORIDA,227,0,0,0,90.80000000000001,0.2333333333333333,23.846666666666664,True
CERETE,205,0,0,0,82.0,0.21666666666666667,27.333333333333332,True
EL BANCO,209,0,0,0,83.60000000000001,0.21666666666666667,27.866666666666664,True
TIMBIO,216,0,0,0,86.4,0.21666666666666667,28.8,True
SAN ANTONIO DEL TEQUENDAMA,214,0,0,0,85.60000000000001,0.21666666666666667,28.533333333333335,True
GUAMAL,196,0,0,0,78.4,0.21666666666666667,26.133333333333336,True
SONSON,198,0,0,0,79.2,0.21666666666666667,26.400000000000002,True
ANDALUCIA,199,0,0,0,79.60000000000001,0.21666666666666667,67.00333333333333,True
PATIA,201,0,0,0,80.4,0.21666666666666667,26.8,True
CHINCHINA,216,0,0,0,86.4,0.21666666666666667,28.8,True
SABANA DE TORRES,227,0,0,0,90.80000000000001,0.21666666666666667,30.266666666666666,True
RIOSUCIO,203,0,0,0,81.2,0.21666666666666667,27.066666666666666,True
BOLIVAR,232,0,1,1,93.10000000000001,0.21428571428571427,60.182857142857145,True
SABANAGRANDE,188,0,0,0,75.2,0.20000000000000004,25.066666666666666,True
SUBACHOQUE,196,0,0,0,78.4,0.20000000000000004,26.133333333333336,True
SOCORRO,190,0,0,0,76.0,0.20000000000000004,25.333333333333332,True
MUTATA,197,0,0,0,78.80000000000001,0.20000000000000004,26.266666666666666,True
SIMIJACA,175,0,0,0,70.0,0.19999999999999998,23.333333333333332,True
CUMARAL,178,0,0,0,71.2,0.19999999999999998,23.733333333333334,True
PUERTO CARRENO (CT),206,0,0,0,82.4,0.19999999999999998,27.46666666666667,True
APIA,191,0,0,0,76.4,0.19999999999999998,25.46666666666667,True
EL BAGRE,194,0,0,0,77.60000000000001,0.19999999999999998,25.866666666666664,True
ACEVEDO,202,0,0,0,80.80000000000001,0.19999999999999998,26.933333333333334,True
GUASCA,194,0,0,0,77.60000000000001,0.19999999999999998,25.866666666666664,True
SUESCA,179,0,0,0,71.6,0.19999999999999998,23.866666666666664,True
SAN CARLOS DE GUAROA,201,0,0,0,80.4,0.19999999999999998,26.8,True
PUERTO LEGUIZAMO,209,0,1,1,83.9,0.18571428571428572,23.97142857142857,True
CALAMAR,188,0,1,1,75.5,0.18571428571428572,21.571428571428573,True
ORITO,216,0,1,1,86.7,0.18571428571428572,24.771428571428572,True
TIERRALTA,201,0,1,1,80.7,0.18571428571428572,23.057142857142857,True
GARAGOA,177,0,0,0,70.80000000000001,0.18333333333333335,23.600000000000005,True
VILLA DE LEYVA,157,0,0,0,62.800000000000004,0.18333333333333335,20.933333333333334,True
SAN JUAN DE RIO SECO,159,0,0,0,63.6,0.18333333333333335,21.2,True
SAN JUAN NEPOMUCENO,164,0,0,0,65.60000000000001,0.18333333333333335,21.866666666666664,True
SAN JUAN DEL CESAR,175,0,0,0,70.0,0.18333333333333335,23.333333333333332,True
TENA,188,0,0,0,75.2,0.18333333333333335,25.066666666666663,True
CACHIPAY,176,0,0,0,70.4,0.18333333333333335,23.46666666666667,True
CAJIBIO,160,0,0,0,64.0,0.18333333333333335,21.333333333333332,True
CAJAMARCA,165,0,0,0,66.0,0.18333333333333335,22.0,True
ISTMINA,165,0,0,0,66.0,0.18333333333333335,22.0,True
ZONA BANANERA,180,0,0,0,72.0,0.18333333333333335,24.0,True
RIVERA,181,0,0,0,72.4,0.18333333333333335,24.133333333333336,True
LURUACO,178,0,0,0,71.2,0.18333333333333335,23.733333333333334,True
CUCUNUBA,188,0,0,0,75.2,0.18333333333333335,25.066666666666666,True
NATAGAIMA,181,0,0,0,72.4,0.18333333333333335,24.133333333333336,True
ARACATACA,168,0,0,0,67.2,0.18333333333333335,22.400000000000002,True
TIMANA,162,0,0,0,64.80000000000001,0.18333333333333335,21.599999999999998,True
YONDO,182,0,0,0,72.80000000000001,0.18333333333333335,24.266666666666666,True
MELGAR,141,0,0,0,56.4,0.18,22.56,False
MITU,142,0,0,0,56.800000000000004,0.18,22.720000000000002,False
QUIBDO,143,0,0,0,57.2,0.18,22.880000000000003,False
MONTELIBANO,208,0,1,1,83.5,0.17142857142857143,23.857142857142858,False
EL SANTUARIO,167,0,0,0,66.80000000000001,0.16666666666666666,22.266666666666666,False
VILLA RICA,147,0,0,0,58.800000000000004,0.16666666666666666,19.599999999999998,False
YOTOCO,173,0,0,0,69.2,0.16666666666666666,64.43333333333334,False
COVENAS,168,0,0,0,67.2,0.16666666666666666,22.400000000000002,False
URRAO,162,0,0,0,64.80000000000001,0.16666666666666666,21.599999999999998,False
VENTAQUEMADA,154,0,0,0,61.6,0.16666666666666666,20.533333333333335,False
SILVIA,149,0,0,0,59.6,0.16666666666666666,19.866666666666667,False
CAICEDONIA,185,0,0,0,74.0,0.16666666666666666,42.67666666666667,False
LA TEBAIDA,163,0,0,0,65.2,0.16666666666666666,21.733333333333334,False
LA PAZ,160,0,0,0,64.0,0.16666666666666666,21.333333333333332,False
CALOTO,185,0,0,0,74.0,0.16666666666666666,24.666666666666668,False
LENGUAZAQUE,159,0,0,0,63.6,0.16666666666666666,21.2,False
CASTILLA LA NUEVA,152,0,0,0,60.800000000000004,0.16666666666666666,20.266666666666666,False
TENJO,173,0,0,0,69.2,0.16666666666666666,23.066666666666666,False
ATACO,166,0,0,0,66.4,0.16666666666666666,22.133333333333336,False
JERICO,172,0,0,0,68.80000000000001,0.16666666666666666,22.933333333333334,False
BELEN DE UMBRIA,148,0,0,0,59.2,0.16666666666666666,19.733333333333334,False
ICONONZO,153,0,0,0,61.2,0.16666666666666666,20.4,False
ANSERMA,146,0,0,0,58.400000000000006,0.16666666666666666,19.466666666666665,False
SANTA ROSA DEL SUR,163,0,1,1,65.5,0.15714285714285717,18.714285714285715,False
RETIRO,143,0,0,0,57.2,0.15,19.066666666666666,False
GUADALUPE,133,0,0,0,53.2,0.15,17.733333333333334,False
PALMAR DE VARELA,139,0,0,0,55.6,0.15,18.533333333333335,False
EL CARMEN DE CHUCURI,141,0,0,0,56.400000000000006,0.15,18.8,False
MOCOA,139,0,1,1,55.9,0.15,18.633333333333333,False
PUEBLO BELLO,133,0,0,0,53.2,0.15,17.733333333333334,False
DABEIBA,148,0,0,0,59.2,0.15,19.733333333333334,False
DIBULLA,133,0,0,0,53.2,0.15,17.733333333333334,False
MONTERREY,172,0,0,0,68.80000000000001,0.15,22.933333333333334,False
DON MATIAS,124,0,0,0,49.599999999999994,0.15,16.53333333333333,False
GINEBRA,154,0,0,0,61.60000000000001,0.15,49.35833333333334,False
GIGANTE,151,0,0,0,60.400000000000006,0.15,20.133333333333333,False
BOSCONIA,149,0,0,0,59.60000000000001,0.15,19.866666666666664,False
GUATAVITA,142,0,0,0,56.800000000000004,0.15,18.933333333333334,False
ARBELAEZ,145,0,0,0,58.0,0.15,19.333333333333332,False
VENECIA,155,0,0,0,62.0,0.15,20.666666666666668,False
TRUJILLO,122,0,0,0,48.800000000000004,0.15,47.28666666666667,False
SALGAR,147,0,0,0,58.800000000000004,0.15,19.599999999999998,False
SAN FRANCISCO,151,0,0,0,60.400000000000006,0.15,20.133333333333333,False
CARMEN DE APICALA,151,0,0,0,60.400000000000006,0.15,20.133333333333333,False
BUESACO,127,0,0,0,50.800000000000004,0.15,16.933333333333334,False
BUGALAGRANDE,161,0,0,0,64.4,0.15,48.788333333333334,False
CONCORDIA,144,0,0,0,57.60000000000001,0.15,19.2,False
CIUDAD BOLIVAR,125,0,0,0,50.00000000000001,0.15,16.666666666666668,False
MARIA LA BAJA,128,0,0,0,51.2,0.15,17.066666666666666,False
PONEDERA,165,0,0,0,66.0,0.15,22.0,False
SASAIMA,126,0,0,0,50.4,0.15,16.8,False
SAN MARCOS,160,0,0,0,64.0,0.15,21.333333333333332,False
CALIMA,127,0,0,0,50.800000000000004,0.15,38.31166666666667,False
SOPO,133,0,0,0,53.2,0.15,17.733333333333334,False
TOCAIMA,133,0,0,0,53.2,0.15,17.733333333333334,False
SAN JOSE DEL GUAVIARE,118,0,1,1,47.5,0.15,15.833333333333334,False
EL ZULIA,131,0,0,0,52.4,0.15,17.466666666666665,False
PUERTO TRIUNFO,159,0,0,0,63.60000000000001,0.15,21.2,False
CHACHAGUI,155,0,0,0,62.00000000000001,0.15,20.666666666666668,False
INIRIDA,125,0,0,0,50.0,0.14,20.0,False
YOLOMBO,116,0,0,0,46.400000000000006,0.13333333333333333,15.466666666666669,False
ALGECIRAS,125,0,0,0,50.0,0.13333333333333333,16.666666666666668,False
ABREGO,114,0,0,0,45.60000000000001,0.13333333333333333,15.199999999999998,False
NOBSA,113,0,0,0,45.2,0.13333333333333333,15.066666666666668,False
MONTENEGRO,130,0,0,0,52.0,0.13333333333333333,17.333333333333332,False
MOMPOS,131,0,0,0,52.4,0.13333333333333333,17.466666666666665,False
CHOACHI,135,0,0,0,54.00000000000001,0.13333333333333333,18.0,False
MANI,121,0,0,0,48.400000000000006,0.13333333333333333,16.133333333333336,False
PORE,133,0,0,0,53.2,0.13333333333333333,17.733333333333334,False
PIVIJAY,114,0,0,0,45.6,0.13333333333333333,15.200000000000001,False
CORDOBA,115,0,0,0,46.0,0.13333333333333333,15.333333333333334,False
PALERMO,125,0,0,0,50.00000000000001,0.13333333333333333,16.666666666666668,False
SANTA CATALINA,131,0,0,0,52.400000000000006,0.13333333333333333,17.466666666666665,False
SAN VICENTE DE CHUCURI,155,0,0,0,62.00000000000001,0.13333333333333333,20.666666666666668,False
SAN ALBERTO,113,0,0,0,45.2,0.13333333333333333,15.066666666666668,False
LETICIA (CT),137,0,0,0,54.800000000000004,0.13333333333333333,18.266666666666666,False
RAMIRIQUI,127,0,0,0,50.8,0.13333333333333333,16.933333333333334,False
CHIPAQUE,135,0,0,0,54.0,0.13333333333333333,18.0,False
SAN JACINTO,127,0,0,0,50.800000000000004,0.13333333333333333,16.933333333333334,False
SAN ANTONIO,135,0,0,0,54.0,0.13333333333333333,18.0,False
SAN CARLOS,124,0,0,0,49.6,0.13333333333333333,16.533333333333335,False
CAPARRAPI,109,0,0,0,43.6,0.13333333333333333,14.533333333333333,False
LA JAGUA DE IBIRICO,132,0,0,0,52.800000000000004,0.13333333333333333,17.599999999999998,False
SANTA ANA,127,0,0,0,50.800000000000004,0.13333333333333333,16.933333333333334,False
SANDONA,126,0,0,0,50.400000000000006,0.13333333333333333,16.8,False
BARRANCA DE UPIA,122,0,0,0,48.800000000000004,0.13333333333333333,16.266666666666666,False
TAUSA,115,0,0,0,46.0,0.13333333333333333,15.333333333333334,False
BOJACA,135,0,0,0,54.0,0.13333333333333333,18.0,False
BETULIA,115,0,0,0,46.0,0.13333333333333333,15.333333333333334,False
GACHETA,130,0,0,0,52.0,0.13333333333333333,17.333333333333332,False
SUAREZ,120,0,0,0,48.0,0.13333333333333333,16.0,False
TABIO,131,0,0,0,52.400000000000006,0.13333333333333333,17.466666666666665,False
BARBACOAS,124,0,0,0,49.6,0.13333333333333333,16.533333333333335,False
SORACA,119,0,0,0,47.6,0.13333333333333333,15.866666666666667,False
TIBASOSA,122,0,0,0,48.800000000000004,0.13333333333333333,16.266666666666666,False
ARMERO,115,0,0,0,46.0,0.13333333333333333,15.333333333333334,False
VELEZ,140,0,0,0,56.00000000000001,0.13333333333333333,18.666666666666668,False
ABEJORRAL,126,0,0,0,50.4,0.13333333333333333,16.8,False
ANORI,130,0,1,1,52.300000000000004,0.1285714285714286,14.942857142857145,False
MIRANDA,173,0,1,1,69.5,0.1285714285714286,19.857142857142858,False
PUERTO RICO,164,0,2,2,66.2,0.1285714285714286,18.914285714285715,False
SAN SEBASTIAN DE MARIQUITA,105,0,0,0,42.0,0.12000000000000002,16.8,False
ANZOATEGUI,106,0,0,0,42.400000000000006,0.11666666666666668,14.133333333333333,False
GUACHENE,126,0,0,0,50.400000000000006,0.11666666666666668,16.8,False
TOLEDO,98,0,0,0,39.2,0.11666666666666668,13.066666666666668,False
SANTAFE DE ANTIOQUIA,131,0,0,0,52.400000000000006,0.11666666666666668,17.466666666666665,False
GUATEQUE,100,0,0,0,40.0,0.11666666666666668,13.333333333333334,False
SUSA,116,0,0,0,46.400000000000006,0.11666666666666668,15.466666666666667,False
SANTO TOMAS,140,0,0,0,56.0,0.11666666666666668,18.666666666666668,False
FUENTE DE ORO,129,0,0,0,51.6,0.11666666666666668,17.2,False
SESQUILE,131,0,0,0,52.400000000000006,0.11666666666666668,17.466666666666665,False
SANTA BARBARA,125,0,0,0,50.0,0.11666666666666668,16.666666666666668,False
AMBALEMA,93,0,0,0,37.2,0.11666666666666668,12.4,False
AIPE,106,0,0,0,42.400000000000006,0.11666666666666668,14.133333333333333,False
EL PLAYON,112,0,0,0,44.800000000000004,0.11666666666666668,14.933333333333332,False
CARMEN DE CARUPA,112,0,0,0,44.800000000000004,0.11666666666666668,14.933333333333332,False
RIOBLANCO,137,0,0,0,54.800000000000004,0.11666666666666668,18.266666666666666,False
PUERTO SALGAR,121,0,0,0,48.400000000000006,0.11666666666666668,16.133333333333333,False
MARSELLA,113,0,0,0,45.2,0.11666666666666668,15.066666666666668,False
SAN LUIS DE SINCE,120,0,0,0,48.0,0.11666666666666668,16.0,False
SAN ESTANISLAO,116,0,0,0,46.400000000000006,0.11666666666666668,15.466666666666667,False
INZA,124,0,0,0,49.6,0.11666666666666668,16.533333333333335,False
JUAN DE ACOSTA,102,0,0,0,40.800000000000004,0.11666666666666668,13.6,False
RIOFRIO,109,0,0,0,43.6,0.11666666666666668,41.76,False
CORINTO,95,0,0,0,38.0,0.11666666666666668,12.666666666666666,False
MORALES,121,0,0,0,48.400000000000006,0.11666666666666668,16.133333333333336,False
ALBAN,118,0,0,0,47.2,0.11666666666666668,15.733333333333334,False
ALVARADO,102,0,0,0,40.800000000000004,0.11666666666666668,13.6,False
NECOCLI,113,0,0,0,45.2,0.11666666666666668,15.066666666666668,False
PLANETA RICA,142,0,0,0,56.800000000000004,0.11666666666666665,18.933333333333334,False
UBAQUE,127,0,0,0,50.800000000000004,0.11666666666666665,16.933333333333334,False
SAN PABLO,124,0,1,1,49.9,0.1142857142857143,14.257142857142856,False
VISTAHERMOSA,136,0,1,1,54.7,0.1142857142857143,15.62857142857143,False
TIBU,106,0,1,1,42.7,0.1142857142857143,12.2,False
COELLO,86,0,0,0,34.400000000000006,0.10000000000000002,11.466666666666667,False
CLEMENCIA,84,0,0,0,33.6,0.10000000000000002,11.200000000000001,False
QUIMBAYA,114,0,0,0,45.6,0.10000000000000002,15.200000000000001,False
PUERTO LIBERTADOR,99,0,1,1,39.900000000000006,0.10000000000000002,13.299999999999999,False
PUERTO LLERAS,93,0,0,0,37.2,0.10000000000000002,12.4,False
ARGELIA,111,0,0,0,44.400000000000006,0.10000000000000002,71.155,False
SUAZA,108,0,0,0,43.2,0.10000000000000002,14.4,False
LA CUMBRE,111,0,0,0,44.4,0.10000000000000002,56.49,False
SANTO DOMINGO,98,0,0,0,39.2,0.10000000000000002,13.066666666666668,False
SIBUNDOY,111,0,0,0,44.400000000000006,0.10000000000000002,14.799999999999999,False
FREDONIA,118,0,0,0,47.2,0.10000000000000002,15.733333333333334,False
SAN ROQUE,76,0,0,0,30.400000000000002,0.10000000000000002,10.133333333333335,False
CABUYARO,82,0,0,0,32.800000000000004,0.10000000000000002,10.933333333333332,False
COCORNA,98,0,0,0,39.2,0.10000000000000002,13.066666666666668,False
COMBITA,90,0,0,0,36.0,0.10000000000000002,12.0,False
AMALFI,79,0,0,0,31.6,0.10000000000000002,10.533333333333333,False
VIOTA,118,0,0,0,47.2,0.10000000000000002,15.733333333333334,False
MOTAVITA,81,0,0,0,32.4,0.10000000000000002,10.799999999999999,False
POLONUEVO,108,0,0,0,43.2,0.10000000000000002,14.4,False
ALCALA,114,0,0,0,45.6,0.10000000000000002,44.185,False
OBANDO,88,0,0,0,35.2,0.10000000000000002,42.824999999999996,False
FALAN,98,0,0,0,39.2,0.10000000000000002,13.066666666666668,False
MAHATES,97,0,0,0,38.800000000000004,0.10000000000000002,12.933333333333332,False
SALAMINA,88,0,0,0,35.2,0.10000000000000002,11.733333333333333,False
LEJANIAS,106,0,0,0,42.400000000000006,0.10000000000000002,14.133333333333333,False
MALAGA,83,0,0,0,33.2,0.10000000000000002,11.066666666666668,False
SABOYA,106,0,0,0,42.400000000000006,0.10000000000000002,14.133333333333333,False
LOS PALMITOS,93,0,0,0,37.2,0.10000000000000002,12.4,False
CHIRIGUANA,103,0,0,0,41.2,0.10000000000000002,13.733333333333334,False
JARDIN,104,0,0,0,41.6,0.10000000000000002,13.866666666666667,False
TAMESIS,82,0,0,0,32.800000000000004,0.10000000000000002,10.933333333333332,False
GUATAPE,81,0,0,0,32.4,0.10000000000000002,10.799999999999999,False
VENADILLO,85,0,0,0,34.0,0.10000000000000002,11.333333333333334,False
AQUITANIA,105,0,0,0,42.0,0.10000000000000002,14.0,False
ANOLAIMA,109,0,0,0,43.6,0.10000000000000002,14.533333333333333,False
SUAITA,84,0,0,0,33.6,0.10000000000000002,11.200000000000001,False
BELEN,89,0,0,0,35.6,0.10000000000000002,11.866666666666667,False
ARAUQUITA,124,0,1,1,49.9,0.1,14.257142857142856,False
PUERTO CONCORDIA,131,0,1,1,52.7,0.1,15.057142857142859,False
MESETAS,125,0,1,1,50.300000000000004,0.1,14.37142857142857,False
SAN JUAN DE BETULIA,55,0,0,0,22.0,0.1,8.8,False
CALDONO,106,0,0,0,42.400000000000006,0.09999999999999999,14.133333333333333,False
PAEZ,96,0,0,0,38.4,0.09999999999999999,12.799999999999999,False
OROCUE,108,0,0,0,43.2,0.09999999999999999,14.4,False
TARAZA,106,0,1,1,42.7,0.08571428571428573,12.200000000000001,False
SARDINATA,91,0,1,1,36.7,0.08571428571428573,10.485714285714284,False
LA MACARENA,80,0,1,1,32.3,0.08571428571428573,9.228571428571428,False
VIJES,83,0,0,0,33.2,0.08333333333333333,37.64166666666667,False
GUAYABAL DE SIQUIMA,82,0,0,0,32.800000000000004,0.08333333333333333,10.933333333333332,False
LA PRIMAVERA,70,0,0,0,28.0,0.08333333333333333,9.333333333333334,False
LA VICTORIA,74,0,0,0,29.6,0.08333333333333333,35.23833333333334,False
ANGELOPOLIS,82,0,0,0,32.8,0.08333333333333333,10.933333333333332,False
VALLE DE SAN JUAN,62,0,0,0,24.8,0.08333333333333333,8.266666666666667,False
EL COPEY,72,0,0,0,28.8,0.08333333333333333,9.6,False
YALI,87,0,0,0,34.800000000000004,0.08333333333333333,11.6,False
AGUA DE DIOS,98,0,0,0,39.2,0.08333333333333333,13.066666666666668,False
OIBA,89,0,0,0,35.6,0.08333333333333333,11.866666666666667,False
NILO,71,0,0,0,28.400000000000002,0.08333333333333333,9.466666666666667,False
PALESTINA,112,0,0,0,44.800000000000004,0.08333333333333333,14.933333333333332,False
PROVIDENCIA,73,0,0,0,29.200000000000003,0.08333333333333333,9.733333333333333,False
PUENTE NACIONAL,83,0,0,0,33.2,0.08333333333333333,11.066666666666668,False
CUMBAL,73,0,0,0,29.200000000000003,0.08333333333333333,9.733333333333333,False
PARATEBUENO,90,0,0,0,36.0,0.08333333333333333,12.0,False
PANDI,66,0,0,0,26.4,0.08333333333333333,8.799999999999999,False
PALOCABILDO,81,0,0,0,32.400000000000006,0.08333333333333333,10.799999999999999,False
CURUMANI,95,0,0,0,38.0,0.08333333333333333,12.666666666666666,False
SANTIAGO,63,0,0,0,25.200000000000003,0.08333333333333333,8.4,False
MORROA,84,0,0,0,33.6,0.08333333333333333,11.200000000000001,False
PALMITO,78,0,0,0,31.200000000000003,0.08333333333333333,10.4,False
EL PASO,94,0,0,0,37.6,0.08333333333333333,12.533333333333333,False
CISNEROS,81,0,0,0,32.400000000000006,0.08333333333333333,10.799999999999999,False
PUERTO PARRA,110,0,0,0,44.00000000000001,0.08333333333333333,14.666666666666666,False
LANDAZURI,57,0,0,0,22.8,0.08333333333333333,7.6000000000000005,False
SAN ANTERO,81,0,0,0,32.4,0.08333333333333333,10.799999999999999,False
MEDINA,97,0,0,0,38.800000000000004,0.08333333333333333,12.933333333333332,False
CIRCASIA,90,0,0,0,36.0,0.08333333333333333,12.0,False
POTOSI,96,0,0,0,38.400000000000006,0.08333333333333333,12.800000000000002,False
OVEJAS,108,0,0,0,43.2,0.08333333333333333,14.4,False
NARINO,81,0,0,0,32.400000000000006,0.08333333333333333,10.799999999999999,False
BALBOA,82,0,0,0,32.800000000000004,0.08333333333333333,10.933333333333332,False
TANGUA,80,0,0,0,32.0,0.08333333333333333,10.666666666666666,False
FUQUENE,73,0,0,0,29.200000000000003,0.08333333333333333,9.733333333333334,False
SUPIA,73,0,0,0,29.200000000000003,0.08333333333333333,9.733333333333333,False
SAN VICENTE,66,0,0,0,26.400000000000002,0.08333333333333333,8.8,False
BUENAVISTA,80,0,0,0,32.0,0.08333333333333333,10.666666666666666,False
TURBANA,84,0,0,0,33.6,0.08333333333333333,11.200000000000001,False
TUBARA,92,0,0,0,36.800000000000004,0.08333333333333333,12.266666666666666,False
ZARAGOZA,104,0,0,0,41.60000000000001,0.08333333333333333,13.866666666666667,False
VIANI,77,0,0,0,30.8,0.08333333333333333,10.266666666666667,False
TOLU VIEJO,91,0,0,0,36.400000000000006,0.08333333333333333,12.133333333333333,False
GUEPSA,70,0,0,0,28.0,0.08333333333333333,9.333333333333334,False
SUTATAUSA,85,0,0,0,34.0,0.08333333333333333,11.333333333333334,False
SAN ONOFRE,96,0,0,0,38.400000000000006,0.08333333333333333,12.799999999999999,False
BETANIA,85,0,0,0,34.0,0.08333333333333333,11.333333333333334,False
BECERRIL,66,0,0,0,26.400000000000002,0.08333333333333333,8.799999999999999,False
SITIONUEVO,96,0,0,0,38.400000000000006,0.08333333333333333,12.799999999999999,False
BARRANCAS,76,0,0,0,30.400000000000002,0.08333333333333333,10.133333333333333,False
FOMEQUE,79,0,0,0,31.6,0.08333333333333333,10.533333333333333,False
SAN DIEGO,100,0,0,0,40.0,0.08333333333333333,13.333333333333334,False
CANASGORDAS,71,0,0,0,28.400000000000002,0.08333333333333333,9.466666666666667,False
SAN LUIS DE PALENQUE,75,0,0,0,30.0,0.08333333333333333,10.0,False
SAMANIEGO,71,0,0,0,28.400000000000002,0.08333333333333333,9.466666666666667,False
CHAGUANI,60,0,0,0,24.0,0.08333333333333333,8.0,False
SAN BERNARDO,80,0,0,0,32.0,0.08333333333333333,10.666666666666666,False
TUCHIN,63,0,0,0,25.200000000000003,0.08,10.08,False
AYAPEL,60,0,0,0,24.0,0.08,9.6,False
DONMATIAS,68,0,0,0,27.200000000000003,0.08,10.88,False
ANSERMANUEVO,60,0,0,0,24.0,0.08,29.448,False
GUACHUCAL,52,0,0,0,20.8,0.08,8.32,False
CUASPUD,71,0,0,0,28.400000000000002,0.08,11.36,False
CARTAGENA DEL CHAIRA,91,0,1,1,36.7,0.07142857142857142,10.485714285714286,False
MAPIRIPAN,69,0,1,1,27.900000000000002,0.07142857142857142,7.971428571428571,False
MIRAFLORES,85,0,1,1,34.300000000000004,0.07142857142857142,9.799999999999999,False
EL RETORNO,69,0,1,1,27.900000000000002,0.07142857142857142,7.971428571428571,False
VERGARA,70,0,0,0,28.000000000000004,0.06666666666666667,9.333333333333334,False
ALPUJARRA,64,0,0,0,25.6,0.06666666666666667,8.533333333333333,False
ZIPACON,77,0,0,0,30.8,0.06666666666666667,10.266666666666667,False
SAN RAFAEL,61,0,0,0,24.400000000000002,0.06666666666666667,8.133333333333335,False
SANTA MARIA,56,0,0,0,22.400000000000002,0.06666666666666667,7.466666666666666,False
CABRERA,77,0,0,0,30.8,0.06666666666666667,10.266666666666667,False
SOATA,74,0,0,0,29.6,0.06666666666666667,9.866666666666667,False
SIACHOQUE,60,0,0,0,24.0,0.06666666666666667,8.0,False
SUCRE,61,0,0,0,24.400000000000002,0.06666666666666667,8.133333333333333,False
GAMBITA,66,0,0,0,26.400000000000002,0.06666666666666667,8.799999999999999,False
SOTAQUIRA,57,0,0,0,22.8,0.06666666666666667,7.6000000000000005,False
TARQUI,67,0,0,0,26.8,0.06666666666666667,8.933333333333334,False
ARIGUANI,60,0,0,0,24.0,0.06666666666666667,8.0,False
UNE,82,0,0,0,32.800000000000004,0.06666666666666667,10.933333333333332,False
TRINIDAD,78,0,0,0,31.200000000000003,0.06666666666666667,10.4,False
ANGOSTURA,56,0,0,0,22.400000000000002,0.06666666666666667,7.466666666666666,False
VEGACHI,76,0,0,0,30.400000000000002,0.06666666666666667,10.133333333333333,False
VALPARAISO,59,0,0,0,23.6,0.06666666666666667,7.866666666666667,False
GOMEZ PLATA,66,0,0,0,26.400000000000002,0.06666666666666667,8.799999999999999,False
GUAPI,75,0,0,0,30.000000000000004,0.06666666666666667,10.0,False
APULO,72,0,0,0,28.8,0.06666666666666667,9.6,False
GUAITARILLA,58,0,0,0,23.200000000000003,0.06666666666666667,7.733333333333333,False
EL TABLON DE GOMEZ,69,0,0,0,27.6,0.06666666666666667,9.200000000000001,False
CAMPO DE LA CRUZ,77,0,0,0,30.800000000000004,0.06666666666666667,10.266666666666667,False
SAN JOSE DE PARE,51,0,0,0,20.400000000000002,0.06666666666666667,6.8,False
SAN JUAN DE ARAMA,77,0,0,0,30.8,0.06666666666666667,10.266666666666667,False
SAN ANDRES SOTAVENTO,69,0,0,0,27.6,0.06666666666666667,9.2,False
ENTRERRIOS,61,0,0,0,24.400000000000002,0.06666666666666667,8.133333333333335,False
QUIPILE,58,0,0,0,23.200000000000003,0.06666666666666667,7.733333333333333,False
CIENAGA DE ORO,70,0,0,0,28.000000000000004,0.06666666666666667,9.333333333333334,False
CHITARAQUE,73,0,0,0,29.200000000000003,0.06666666666666667,9.733333333333333,False
SALENTO,58,0,0,0,23.200000000000003,0.06666666666666667,7.733333333333333,False
SAN ANDRES DE CUERQUIA,58,0,0,0,23.200000000000003,0.06666666666666667,7.733333333333333,False
SAN BENITO ABAD,65,0,0,0,26.000000000000004,0.06666666666666667,8.666666666666666,False
MAJAGUAL,59,0,0,0,23.6,0.06666666666666667,7.866666666666667,False
EL PENON,60,0,0,0,24.0,0.06666666666666667,8.0,False
EL RETEN,63,0,0,0,25.200000000000003,0.06666666666666667,8.4,False
MANAURE,67,0,0,0,26.8,0.06666666666666667,8.933333333333334,False
MANATI,81,0,0,0,32.400000000000006,0.06666666666666667,10.799999999999999,False
CONCEPCION,56,0,0,0,22.400000000000002,0.06666666666666667,7.466666666666666,False
PUPIALES,85,0,0,0,34.0,0.06666666666666667,11.333333333333334,False
QUEBRADANEGRA,71,0,0,0,28.400000000000002,0.06666666666666667,9.466666666666667,False
MARINILLA,72,0,0,0,28.800000000000004,0.06666666666666667,9.6,False
QUINCHIA,58,0,0,0,23.200000000000003,0.06666666666666667,7.733333333333334,False
MOGOTES,71,0,0,0,28.400000000000002,0.06666666666666667,9.466666666666667,False
MERCADERES,73,0,0,0,29.200000000000003,0.06666666666666667,9.733333333333334,False
PUEBLORRICO,56,0,0,0,22.400000000000002,0.06666666666666667,7.466666666666666,False
PRADO,74,0,0,0,29.6,0.06666666666666667,9.866666666666667,False
PENOL,75,0,0,0,30.0,0.06666666666666667,10.0,False
CUBARRAL,53,0,0,0,21.200000000000003,0.06666666666666667,7.066666666666667,False
PITAL,79,0,0,0,31.6,0.06666666666666667,10.533333333333333,False
MONTEBELLO,70,0,0,0,28.0,0.06666666666666667,9.333333333333334,False
MURILLO,60,0,0,0,24.0,0.06666666666666667,8.0,False
CUNDAY,50,0,0,0,20.0,0.06666666666666667,6.666666666666667,False
PESCA,66,0,0,0,26.400000000000002,0.06666666666666667,8.799999999999999,False
CURITI,54,0,0,0,21.6,0.06666666666666667,7.2,False
EL DONCELLO,66,0,1,1,26.7,0.06666666666666667,8.9,False
EL DOVIO,72,0,1,1,29.1,0.06666666666666667,53.296666666666674,False
PAILITAS,56,0,0,0,22.400000000000002,0.06666666666666667,7.466666666666666,False
DISTRACCION,61,0,0,0,24.400000000000002,0.06666666666666667,8.133333333333333,False
DOLORES,64,0,0,0,25.6,0.06666666666666667,8.533333333333333,False
NECHI,62,0,0,0,24.8,0.06666666666666667,8.266666666666667,False
VILLAVIEJA,63,0,0,0,25.200000000000003,0.06666666666666667,8.4,False
ALBANIA,75,0,0,0,30.000000000000004,0.06666666666666667,10.0,False
YAGUARA,60,0,0,0,24.0,0.06666666666666667,8.0,False
AGRADO,64,0,0,0,25.6,0.06666666666666667,8.533333333333333,False
ACANDI,61,0,0,0,24.400000000000002,0.06666666666666667,8.133333333333333,False
JENESANO,71,0,0,0,28.400000000000006,0.06000000000000001,11.36,False
SANTA FE DE ANTIOQUIA,64,0,0,0,25.6,0.06000000000000001,10.24,False
SAN PEDRO DE LOS MILAGROS,56,0,0,0,22.400000000000002,0.06000000000000001,8.959999999999999,False
GAMARRA,44,0,0,0,17.6,0.06000000000000001,7.040000000000001,False
FIRAVITOBA,47,0,0,0,18.8,0.06000000000000001,7.5200000000000005,False
PUERTO CAICEDO,64,0,1,1,25.900000000000002,0.05714285714285715,7.3999999999999995,False
PUERTO GUZMAN,74,0,1,1,29.900000000000002,0.05714285714285715,8.542857142857143,False
CACERES,75,0,1,1,30.3,0.05714285714285715,8.657142857142857,False
SAN MIGUEL,62,0,1,1,25.1,0.05714285714285715,7.171428571428572,False
BRICENO,62,0,1,1,25.1,0.05714285714285715,7.171428571428572,False
BELEN DE LOS ANDAQUIES,64,0,1,1,25.900000000000002,0.05714285714285715,7.4,False
SAN JOSE DEL FRAGUA,63,0,1,1,25.5,0.05714285714285715,7.285714285714286,False
NUEVO COLON,48,0,0,0,19.2,0.05000000000000001,6.3999999999999995,False
NUEVA GRANADA,50,0,0,0,20.0,0.05000000000000001,6.666666666666667,False
TOGUI,45,0,0,0,18.0,0.05000000000000001,6.0,False
OPORAPA,48,0,0,0,19.200000000000003,0.05000000000000001,6.3999999999999995,False
MISTRATO,56,0,0,0,22.400000000000002,0.05000000000000001,7.466666666666666,False
TESALIA,53,0,0,0,21.200000000000003,0.05000000000000001,7.066666666666667,False
BARAYA,40,0,0,0,16.0,0.05000000000000001,5.333333333333333,False
TELLO,67,0,0,0,26.8,0.05000000000000001,8.933333333333334,False
EL CHARCO,50,0,0,0,20.0,0.05000000000000001,6.666666666666667,False
PUEBLO RICO,54,0,0,0,21.6,0.05000000000000001,7.2,False
PUEBLOVIEJO,67,0,0,0,26.8,0.05000000000000001,8.933333333333334,False
PUERTO ESCONDIDO,60,0,0,0,24.0,0.05000000000000001,8.0,False
TAMARA,50,0,0,0,20.0,0.05000000000000001,6.666666666666667,False
TAMINANGO,53,0,0,0,21.200000000000003,0.05000000000000001,7.066666666666666,False
TALAIGUA NUEVO,38,0,0,0,15.200000000000001,0.05000000000000001,5.066666666666666,False
TAMALAMEQUE,69,0,0,0,27.6,0.05000000000000001,9.200000000000001,False
COLOMBIA,54,0,0,0,21.6,0.05000000000000001,7.2,False
CONSACA,56,0,0,0,22.400000000000002,0.05000000000000001,7.466666666666668,False
LA CELIA,42,0,0,0,16.8,0.05000000000000001,5.6000000000000005,False
SANTANA,61,0,0,0,24.400000000000002,0.05000000000000001,8.133333333333333,False
SOPETRAN,70,0,0,0,28.000000000000004,0.05000000000000001,9.333333333333334,False
RAQUIRA,60,0,0,0,24.0,0.05000000000000001,8.0,False
RAGONVALIA,43,0,0,0,17.200000000000003,0.05000000000000001,5.733333333333333,False
CHIVOLO,59,0,0,0,23.6,0.05000000000000001,7.866666666666667,False
LA APARTADA,67,0,0,0,26.8,0.05000000000000001,8.933333333333334,False
LA CRUZ,56,0,0,0,22.400000000000002,0.05000000000000001,7.466666666666666,False
LA FLORIDA,49,0,0,0,19.6,0.05000000000000001,6.533333333333334,False
GUTIERREZ,68,0,0,0,27.200000000000003,0.05000000000000001,9.066666666666666,False
ARENAL,58,0,0,0,23.200000000000003,0.05000000000000001,7.733333333333333,False
ARBOLETES,51,0,0,0,20.400000000000002,0.05000000000000001,6.8,False
TIBACUY,56,0,0,0,22.400000000000002,0.05000000000000001,7.466666666666666,False
POLICARPA,46,0,0,0,18.400000000000002,0.05000000000000001,6.133333333333334,False
HOBO,59,0,0,0,23.6,0.05000000000000001,7.866666666666667,False
HISPANIA,59,0,0,0,23.6,0.05000000000000001,7.866666666666667,False
USIACURI,65,0,0,0,26.0,0.05000000000000001,8.666666666666666,False
TOTORO,52,0,0,0,20.8,0.05000000000000001,6.933333333333334,False
QUETAME,61,0,0,0,24.400000000000002,0.05000000000000001,8.133333333333333,False
SIMITI,53,0,0,0,21.200000000000003,0.05000000000000001,7.066666666666666,False
FORTUL,77,0,0,0,30.800000000000004,0.05000000000000001,10.266666666666667,False
SIMACOTA,46,0,0,0,18.400000000000002,0.05000000000000001,6.133333333333334,False
CHINACOTA,65,0,0,0,26.000000000000004,0.05000000000000001,8.666666666666666,False
CHARALA,44,0,0,0,17.6,0.05000000000000001,5.866666666666667,False
MACHETA,50,0,0,0,20.0,0.05000000000000001,6.666666666666667,False
SAN CAYETANO,55,0,0,0,22.0,0.05000000000000001,7.333333333333333,False
LA PINTADA,58,0,0,0,23.200000000000003,0.05000000000000001,7.733333333333333,False
FRONTINO,56,0,0,0,22.400000000000002,0.05000000000000001,7.466666666666668,False
VERSALLES,53,0,0,0,21.2,0.05000000000000001,40.61333333333334,False
SAN JERONIMO,65,0,0,0,26.0,0.05000000000000001,8.666666666666666,False
LA SIERRA,57,0,0,0,22.8,0.05000000000000001,7.6000000000000005,False
SANTA SOFIA,54,0,0,0,21.6,0.05000000000000001,7.2,False
RONCESVALLES,49,0,0,0,19.6,0.05000000000000001,6.533333333333334,False
SALADOBLANCO,57,0,0,0,22.8,0.05000000000000001,7.6000000000000005,False
GUATICA,41,0,0,0,16.400000000000002,0.05000000000000001,5.466666666666666,False
YACUANQUER,55,0,0,0,22.0,0.05000000000000001,7.333333333333333,False
SAN LORENZO,65,0,0,0,26.0,0.05000000000000001,8.666666666666666,False
GUAYABETAL,56,0,0,0,22.400000000000002,0.05000000000000001,7.466666666666666,False
LA PALMA,59,0,0,0,23.6,0.05000000000000001,7.866666666666667,False
SAN PABLO DE BORBUR,31,0,0,0,12.400000000000002,0.05,6.199999999999999,False
PUERTO CARRENO,31,0,0,0,12.400000000000002,0.05,6.2,False
ROSAS,56,0,1,1,22.700000000000003,0.042857142857142864,6.485714285714286,False
ITUANGO,51,0,1,1,20.700000000000003,0.042857142857142864,5.914285714285714,False
URIBE,61,0,1,1,24.7,0.042857142857142864,7.057142857142857,False
CURILLO,46,0,1,1,18.700000000000003,0.042857142857142864,5.3428571428571425,False
LA GLORIA,47,0,0,0,18.8,0.04,7.5200000000000005,False
SOLANO,28,0,0,0,11.200000000000001,0.04,4.48,False
FILANDIA,49,0,0,0,19.6,0.04,7.840000000000001,False
OCAMONTE,27,0,0,0,10.8,0.04,4.32,False
BITUIMA,33,0,0,0,13.200000000000001,0.04,5.28,False
MUZO,38,0,0,0,15.200000000000003,0.04,6.08,False
SAN BERNARDO DEL VIENTO,40,0,0,0,16.0,0.04,6.4,False
VALDIVIA,35,0,0,0,14.000000000000002,0.04,5.6,False
GIRALDO,36,0,0,0,14.400000000000002,0.04,5.76,False
ARCABUCO,44,0,0,0,17.6,0.04,7.040000000000001,False
MONITOS,36,0,0,0,14.4,0.04,5.76,False
ASTREA,44,0,0,0,17.6,0.04,7.040000000000001,False
SOTARA,38,0,0,0,15.2,0.03333333333333333,5.066666666666666,False
EBEJICO,37,0,0,0,14.8,0.03333333333333333,4.933333333333333,False
NEIRA,47,0,0,0,18.8,0.03333333333333333,6.266666666666667,False
TIBANA,33,0,0,0,13.200000000000001,0.03333333333333333,4.3999999999999995,False
COTORRA,43,0,0,0,17.200000000000003,0.03333333333333333,5.733333333333333,False
TIQUISIO,43,0,0,0,17.200000000000003,0.03333333333333333,5.733333333333333,False
HERVEO,43,0,0,0,17.200000000000003,0.03333333333333333,5.733333333333333,False
TITIRIBI,39,0,0,0,15.6,0.03333333333333333,5.2,False
TOCA,49,0,0,0,19.6,0.03333333333333333,6.533333333333334,False
NUNCHIA,59,0,0,0,23.6,0.03333333333333333,7.866666666666667,False
CONDOTO,43,0,0,0,17.200000000000003,0.03333333333333333,5.733333333333333,False
COLOSO,41,0,0,0,16.400000000000002,0.03333333333333333,5.466666666666666,False
PUERTO NARE,48,0,0,0,19.200000000000003,0.03333333333333333,6.3999999999999995,False
EL PAUJIL,35,0,1,1,14.3,0.03333333333333333,4.766666666666667,False
TADO,51,0,0,0,20.400000000000002,0.03333333333333333,6.8,False
BAHIA SOLANO,34,0,0,0,13.600000000000001,0.03333333333333333,4.533333333333334,False
PENSILVANIA,40,0,0,0,16.0,0.03333333333333333,5.333333333333333,False
CUCUTILLA,44,0,0,0,17.6,0.03333333333333333,5.866666666666667,False
CUITIVA,42,0,0,0,16.8,0.03333333333333333,5.6000000000000005,False
TORIBIO,48,0,0,0,19.200000000000003,0.03333333333333333,6.3999999999999995,False
URIBIA,44,0,0,0,17.6,0.03333333333333333,5.866666666666667,False
TUTA,46,0,0,0,18.400000000000002,0.03333333333333333,6.133333333333333,False
TURMEQUE,43,0,0,0,17.200000000000003,0.03333333333333333,5.733333333333333,False
HATO COROZAL,51,0,0,0,20.400000000000002,0.03333333333333333,6.8,False
NOCAIMA,48,0,0,0,19.200000000000003,0.03333333333333333,6.3999999999999995,False
VILLARRICA,43,0,0,0,17.200000000000003,0.03333333333333333,5.733333333333333,False
ANCUYA,43,0,0,0,17.200000000000003,0.03333333333333333,5.733333333333333,False
SAN MARTIN DE LOBA,38,0,0,0,15.200000000000001,0.03333333333333333,5.066666666666666,False
ANZA,40,0,0,0,16.0,0.03333333333333333,5.333333333333333,False
LEIVA,43,0,0,0,17.200000000000003,0.03333333333333333,5.733333333333333,False
CAPITANEJO,46,0,0,0,18.400000000000002,0.03333333333333333,6.133333333333333,False
CAROLINA,40,0,0,0,16.0,0.03333333333333333,5.333333333333333,False
LA PENA,49,0,0,0,19.6,0.03333333333333333,6.533333333333332,False
SANTA LUCIA,56,0,0,0,22.400000000000002,0.03333333333333333,7.466666666666666,False
SANTA ISABEL,40,0,0,0,16.0,0.03333333333333333,5.333333333333333,False
SAN PEDRO DE URABA,48,0,0,0,19.2,0.03333333333333333,6.3999999999999995,False
SANTA ROSA DE VITERBO,42,0,0,0,16.8,0.03333333333333333,5.6000000000000005,False
BUENOS AIRES,53,0,0,0,21.200000000000003,0.03333333333333333,7.066666666666666,False
CERRITO,31,0,0,0,12.4,0.03333333333333333,4.133333333333334,False
SALAZAR,34,0,0,0,13.600000000000001,0.03333333333333333,4.533333333333333,False
SAMANA,38,0,0,0,15.200000000000001,0.03333333333333333,5.066666666666667,False
LOS ANDES,44,0,0,0,17.6,0.03333333333333333,5.866666666666667,False
LOS SANTOS,33,0,0,0,13.2,0.03333333333333333,4.3999999999999995,False
RIO DE ORO,57,0,0,0,22.8,0.03333333333333333,7.6000000000000005,False
SANTA ROSALIA,55,0,0,0,22.0,0.03333333333333333,7.333333333333333,False
SANTUARIO,56,0,0,0,22.400000000000002,0.03333333333333333,7.466666666666666,False
FOSCA,50,0,0,0,20.0,0.03333333333333333,6.666666666666667,False
CHIMICHAGUA,57,0,0,0,22.800000000000004,0.03333333333333333,7.6000000000000005,False
SATIVANORTE,14,0,0,0,5.6000000000000005,0.03333333333333333,3.733333333333334,False
MALLAMA,44,0,0,0,17.6,0.03333333333333333,5.866666666666667,False
PURACE,35,0,0,0,14.0,0.03333333333333333,4.666666666666667,False
PUERTO RONDON,50,0,0,0,20.0,0.03333333333333333,6.666666666666667,False
GAMEZA,37,0,0,0,14.8,0.03333333333333333,4.933333333333334,False
GAMA,44,0,0,0,17.6,0.03333333333333333,5.866666666666667,False
LA ARGENTINA,54,0,0,0,21.6,0.03333333333333333,7.2,False
GACHALA,36,0,0,0,14.4,0.03333333333333333,4.8,False
SOPLAVIENTO,44,0,0,0,17.6,0.03333333333333333,5.866666666666667,False
UBALA,50,0,0,0,20.0,0.03333333333333333,6.666666666666667,False
ALEJANDRIA,42,0,0,0,16.8,0.03333333333333333,5.6000000000000005,False
SAN SEBASTIAN DE BUENAVISTA,40,0,0,0,16.0,0.03333333333333333,5.333333333333333,False
CANTAGALLO,51,0,1,1,20.700000000000003,0.028571428571428574,5.914285714285714,False
CUMARIBO,34,0,1,1,13.9,0.028571428571428574,3.9714285714285715,False
SOMONDOCO,18,0,0,0,7.2,0.025,3.5999999999999996,False
BOAVITA,20,0,0,0,8.0,0.025,4.0,False
CACOTA,17,0,0,0,6.800000000000001,0.025,3.4000000000000004,False
ELIAS,24,0,0,0,9.6,0.025,4.8,False
GENOVA,23,0,0,0,9.2,0.025,4.6,False
PAICOL,23,0,0,0,9.200000000000001,0.02,3.6799999999999997,False
ARMERO GUAYABAL,27,0,0,0,10.8,0.02,4.32,False
ALGARROBO,30,0,0,0,12.0,0.02,4.8,False
COROMORO,31,0,0,0,12.4,0.02,4.96,False
TINJACA,33,0,0,0,13.200000000000001,0.02,5.279999999999999,False
VALLE DE SAN JOSE,32,0,0,0,12.8,0.02,5.12,False
PACORA,23,0,0,0,9.2,0.02,3.6799999999999997,False
OICATA,25,0,0,0,10.0,0.02,4.0,False
MONGUA,27,0,0,0,10.8,0.02,4.32,False
CONVENCION,23,0,0,0,9.2,0.02,3.6799999999999997,False
PIOJO,26,0,0,0,10.4,0.02,4.16,False
MANZANARES,30,0,0,0,12.0,0.02,4.8,False
QUIPAMA,22,0,0,0,8.8,0.02,3.5200000000000005,False
MARGARITA,19,0,0,0,7.6000000000000005,0.02,3.04,False
AGUADAS,35,0,0,0,14.0,0.02,5.6,False
SAN JUAN DE URABA,27,0,0,0,10.8,0.02,4.32,False
RISARALDA,30,0,0,0,12.0,0.02,4.8,False
FLORESTA,28,0,0,0,11.200000000000001,0.02,4.4799999999999995,False
GACHANTIVA,29,0,0,0,11.600000000000001,0.02,4.64,False
PIJINO DEL CARMEN,41,0,0,0,16.400000000000002,0.02,6.56,False
PUEBLO NUEVO,39,0,0,0,15.600000000000001,0.02,6.24,False
SUAN,22,0,0,0,8.8,0.02,3.5200000000000005,False
CERRO SAN ANTONIO,18,0,0,0,7.2,0.02,2.88,False
CARURU,31,0,0,0,12.400000000000002,0.02,4.96,False
EL MOLINO,35,0,0,0,14.0,0.016666666666666666,4.666666666666667,False
BARICHARA,33,0,0,0,13.2,0.016666666666666666,4.3999999999999995,False
TARAIRA,25,0,0,0,10.000000000000002,0.016666666666666666,3.3333333333333335,False
COLON,35,0,0,0,14.0,0.016666666666666666,4.666666666666667,False
EL CASTILLO,37,0,0,0,14.8,0.016666666666666666,4.933333333333334,False
TERUEL,17,0,0,0,6.800000000000001,0.016666666666666666,2.2666666666666666,False
PIEDRAS,24,0,0,0,9.6,0.016666666666666666,3.1999999999999997,False
PINILLOS,35,0,0,0,14.000000000000002,0.016666666666666666,4.666666666666667,False
ARBOLEDA,27,0,0,0,10.8,0.016666666666666666,3.6,False
ILES,32,0,0,0,12.8,0.016666666666666666,4.266666666666667,False
EL DORADO,29,0,0,0,11.600000000000001,0.016666666666666666,3.8666666666666667,False
TARSO,37,0,0,0,14.8,0.016666666666666666,4.933333333333334,False
EL CARMEN,24,0,0,0,9.600000000000001,0.016666666666666666,3.2000000000000006,False
CUCAITA,37,0,0,0,14.8,0.016666666666666666,4.933333333333333,False
OTANCHE,32,0,0,0,12.8,0.016666666666666666,4.266666666666667,False
URAMITA,31,0,0,0,12.4,0.016666666666666666,4.133333333333334,False
HATONUEVO,40,0,0,0,16.0,0.016666666666666666,5.333333333333333,False
HATILLO DE LOBA,20,0,0,0,8.0,0.016666666666666666,2.6666666666666665,False
ONZAGA,40,0,0,0,16.0,0.016666666666666666,5.333333333333333,False
UTICA,40,0,0,0,16.0,0.016666666666666666,5.333333333333333,False
UNGUIA,33,0,0,0,13.200000000000001,0.016666666666666666,4.4,False
ULLOA,33,0,0,0,13.200000000000001,0.016666666666666666,32.35166666666667,False
TOPAIPI,39,0,0,0,15.600000000000001,0.016666666666666666,5.2,False
JERUSALEN,29,0,0,0,11.600000000000001,0.016666666666666666,3.8666666666666667,False
NOROSI,30,0,0,0,12.0,0.016666666666666666,4.0,False
TORO,38,0,0,0,15.200000000000001,0.016666666666666666,14.151666666666666,False
IQUIRA,31,0,0,0,12.400000000000002,0.016666666666666666,4.133333333333334,False
MOMIL,29,0,0,0,11.600000000000001,0.016666666666666666,3.8666666666666667,False
TIBIRITA,35,0,0,0,14.000000000000002,0.016666666666666666,4.666666666666667,False
GALERAS,35,0,0,0,14.0,0.016666666666666666,4.666666666666667,False
LOS CORDOBAS,26,0,0,0,10.4,0.016666666666666666,3.4666666666666663,False
LA ESPERANZA,48,0,0,0,19.200000000000003,0.016666666666666666,6.3999999999999995,False
LA BELLEZA,23,0,0,0,9.200000000000001,0.016666666666666666,3.0666666666666664,False
BOCHALEMA,43,0,0,0,17.200000000000003,0.016666666666666666,5.733333333333333,False
BOYACA,36,0,0,0,14.400000000000002,0.016666666666666666,4.8,False
SILOS,31,0,0,0,12.400000000000002,0.016666666666666666,4.133333333333334,False
LA LLANADA,32,0,0,0,12.8,0.016666666666666666,4.266666666666667,False
CHIMA,38,0,0,0,15.200000000000001,0.016666666666666666,5.066666666666667,False
MARIPI,39,0,0,0,15.600000000000001,0.016666666666666666,5.2,False
PUERTO SANTANDER,37,0,0,0,14.8,0.016666666666666666,4.933333333333334,False
CONTADERO,34,0,0,0,13.600000000000001,0.016666666666666666,4.533333333333334,False
CICUCO,35,0,0,0,14.0,0.016666666666666666,4.666666666666667,False
CHIVATA,34,0,0,0,13.600000000000001,0.016666666666666666,4.533333333333334,False
JUNIN,35,0,0,0,14.0,0.016666666666666666,4.666666666666667,False
BELTRAN,27,0,0,0,10.8,0.016666666666666666,3.6,False
BELALCAZAR,26,0,0,0,10.4,0.016666666666666666,3.466666666666667,False
SORA,36,0,0,0,14.4,0.016666666666666666,4.8,False
SAN CRISTOBAL,32,0,0,0,12.8,0.016666666666666666,4.266666666666667,False
SAN PELAYO,41,0,0,0,16.400000000000002,0.016666666666666666,5.466666666666666,False
CANALETE,28,0,0,0,11.200000000000001,0.016666666666666666,3.733333333333333,False
CASABIANCA,36,0,0,0,14.4,0.016666666666666666,4.8,False
MACEO,26,0,0,0,10.4,0.016666666666666666,3.466666666666667,False
CARACOLI,23,0,0,0,9.200000000000001,0.016666666666666666,3.0666666666666664,False
GUATAQUI,20,0,0,0,8.0,0.016666666666666666,2.6666666666666665,False
VITERBO,32,0,0,0,12.8,0.016666666666666666,4.266666666666667,False
YACOPI,26,0,0,0,10.4,0.016666666666666666,3.466666666666667,False
ZETAQUIRA,24,0,0,0,9.600000000000001,0.016666666666666666,3.1999999999999997,False
ARANZAZU,44,0,0,0,17.6,0.016666666666666666,5.866666666666667,False
ZAPATOCA,33,0,0,0,13.2,0.016666666666666666,4.3999999999999995,False
VILLAHERMOSA,33,0,0,0,13.200000000000001,0.016666666666666666,4.3999999999999995,False
ZAMBRANO,48,0,0,0,19.200000000000003,0.016666666666666666,6.3999999999999995,False
ALDANA,36,0,0,0,14.4,0.016666666666666666,4.8,False
LA MONTANITA,35,0,1,1,14.3,0.014285714285714287,4.085714285714286,False
PIAMONTE,26,0,1,1,10.700000000000001,0.014285714285714287,3.057142857142857,False
VILLAGOMEZ,11,0,0,0,4.4,0.0,1.7600000000000002,False
ALTO BAUDO,3,0,0,0,1.2000000000000002,0.0,0.8000000000000002,False
ABRIAQUI,1,0,0,0,0.4,0.0,0.8,False
GUALMATAN,15,0,0,0,6.0,0.0,2.0,False
GUAPOTA,30,0,0,0,12.000000000000002,0.0,4.0,False
ALTOS DEL ROSARIO,8,0,0,0,3.2,0.0,1.28,False
GUARANDA,19,0,0,0,7.6000000000000005,0.0,2.533333333333333,False
GUAVATA,25,0,0,0,10.0,0.0,4.0,False
VETAS,4,0,0,0,1.6,0.0,1.6,False
ARATOCA,21,0,0,0,8.4,0.0,2.8000000000000003,False
VIGIA DEL FUERTE,6,0,0,0,2.4000000000000004,0.0,1.2000000000000002,False
VILLA CARO,12,0,0,0,4.800000000000001,0.0,1.92,False
SAN JOSE DEL PALMAR,10,0,0,0,4.0,0.0,1.6,False
VICTORIA,24,0,0,0,9.600000000000001,0.0,3.84,False
CAMPAMENTO,29,0,0,0,11.600000000000001,0.0,3.8666666666666667,False
CAMPOHERMOSO,11,0,0,0,4.4,0.0,1.7600000000000002,False
SAN JUAN DE RIOSECO,5,0,0,0,2.0,0.0,1.0,False
SAN JUANITO,16,0,0,0,6.4,0.0,2.1333333333333333,False
SAN LUIS DE GACENO,23,0,0,0,9.200000000000001,0.0,3.6799999999999997,False
SAN MATEO,9,0,0,0,3.6000000000000005,0.0,2.4,False
SAN MIGUEL DE SEMA,13,0,0,0,5.2,0.0,2.08,False
CALIFORNIA,12,0,0,0,4.800000000000001,0.0,1.92,False
FRANCISCO PIZARRO,12,0,0,0,4.800000000000001,0.0,1.92,False
LA MERCED,14,0,0,0,5.6,0.0,2.8,False
ENCINO,4,0,0,0,1.6,0.0,1.0666666666666667,False
EL TARRA,18,0,0,0,7.200000000000001,0.0,2.88,False
FILADELFIA,14,0,0,0,5.6,0.0,2.2399999999999998,False
CARCASI,18,0,0,0,7.2,0.0,2.88,False
SAN JACINTO DEL CAUCA,2,0,0,0,0.8,0.0,0.8,False
ENCISO,11,0,0,0,4.4,0.0,1.7600000000000002,False
SAN JOAQUIN,10,0,0,0,4.0,0.0,2.0,False
SAN JOSE,11,0,0,0,4.4,0.0,2.2,False
SAN JOSE DE MIRANDA,20,0,0,0,8.0,0.0,2.6666666666666665,False
SAN JOSE DE LA MONTANA,22,0,0,0,8.8,0.0,4.4,False
SAN JOSE DE URE,11,0,1,1,4.7,0.0,1.342857142857143,False
LA PLAYA,7,0,0,0,2.8000000000000003,0.0,1.1199999999999999,False
LA SALINA,2,0,0,0,0.8,0.0,0.8,False
VIRACACHA,23,0,0,0,9.200000000000001,0.0,3.0666666666666664,False
LA UVITA,7,0,0,0,2.8000000000000003,0.0,1.4000000000000001,False
SAN PEDRO DE CARTAGO,29,0,0,0,11.600000000000001,0.0,3.8666666666666667,False
SAN SEBASTIAN,18,0,0,0,7.2,0.0,2.88,False
SAN CALIXTO,4,0,0,0,1.6,0.0,1.0666666666666667,False
SAN EDUARDO,5,0,0,0,2.0,0.0,1.3333333333333333,False
SAN FERNANDO,10,0,0,0,4.0,0.0,1.6,False
CARAMANTA,14,0,0,0,5.6000000000000005,0.0,2.2399999999999998,False
LABATECA,19,0,0,0,7.6000000000000005,0.0,3.04,False
LABRANZAGRANDE,25,0,0,0,10.0,0.0,3.3333333333333335,False
LIBORINA,17,0,0,0,6.800000000000001,0.0,2.2666666666666666,False
LINARES,11,0,0,0,4.4,0.0,1.7600000000000002,False
SAN VICENTE FERRER,12,0,0,0,4.800000000000001,0.0,3.2000000000000006,False
SAN ZENON,11,0,0,0,4.4,0.0,2.2,False
SANTA BARBARA DE PINTO,31,0,0,0,12.400000000000002,0.0,4.133333333333334,False
SANTA HELENA DEL OPON,19,0,0,0,7.6000000000000005,0.0,3.04,False
BURITICA,16,0,0,0,6.4,0.0,2.56,False
BUSBANZA,4,0,0,0,1.6,0.0,1.0666666666666667,False
CACHIRA,18,0,0,0,7.200000000000001,0.0,2.4,False
CAICEDO,17,0,0,0,6.800000000000001,0.0,2.7199999999999998,False
CAIMITO,25,0,0,0,10.0,0.0,3.3333333333333335,False
LOURDES,14,0,0,0,5.6000000000000005,0.0,2.8,False
MACANAL,13,0,0,0,5.2,0.0,2.5999999999999996,False
MACARAVITA,4,0,0,0,1.6,0.0,1.0666666666666667,False
MAGUI,14,0,0,0,5.6000000000000005,0.0,2.2399999999999998,False
CEPITA,1,0,0,0,0.4,0.0,0.8,False
CERINZA,13,0,0,0,5.2,0.0,2.08,False
CERRO DE SAN ANTONIO,1,0,0,0,0.4,0.0,0.8,False
CERTEGUI,3,0,0,0,1.2000000000000002,0.0,0.8000000000000002,False
CHALAN,14,0,0,0,5.6000000000000005,0.0,2.2399999999999998,False
SAN ANDRES DE SOTAVENTO,7,0,0,0,2.8000000000000003,0.0,1.12,False
SAN BENITO,5,0,0,0,2.0,0.0,2.0,False
RONDON,16,0,0,0,6.4,0.0,2.56,False
SABANAS DE SAN ANGEL,16,0,0,0,6.4,0.0,2.5599999999999996,False
SACAMA,6,0,0,0,2.4000000000000004,0.0,1.2000000000000002,False
SACHICA,33,0,0,0,13.200000000000001,0.0,4.3999999999999995,False
LLORO,18,0,0,0,7.200000000000001,0.0,2.88,False
LOPEZ,8,0,0,0,3.2,0.0,2.1333333333333333,False
SANTACRUZ,31,0,0,0,12.400000000000002,0.0,4.133333333333334,False
SAPUYES,20,0,0,0,8.0,0.0,2.6666666666666665,False
BETEITIVA,4,0,0,0,1.6,0.0,1.6,False
BOJAYA,4,0,0,0,1.6,0.0,1.6,False
LA CAPILLA,15,0,0,0,6.0,0.0,2.0,False
CIENEGA,13,0,0,0,5.2,0.0,2.08,False
RIO IRO,7,0,0,0,2.8000000000000003,0.0,1.4,False
RIO QUITO,4,0,0,0,1.6,0.0,1.0666666666666667,False
RIO VIEJO,13,0,0,0,5.200000000000001,0.0,2.0799999999999996,False
ROBERTO PAYAN,6,0,0,0,2.4000000000000004,0.0,1.2,False
CHAMEZA,8,0,0,0,3.2,0.0,1.28,False
CHARTA,11,0,0,0,4.4,0.0,1.7600000000000002,False
CHINAVITA,19,0,0,0,7.6000000000000005,0.0,3.04,False
CHIPATA,5,0,0,0,2.0,0.0,1.0,False
CHIQUIZA,26,0,0,0,10.4,0.0,3.466666666666667,False
LA JAGUA DEL PILAR,10,0,0,0,4.0,0.0,1.3333333333333333,False
FLORIAN,16,0,0,0,6.4,0.0,3.2,False
BUCARASICA,4,0,0,0,1.6,0.0,1.0666666666666667,False
SATIVASUR,5,0,0,0,2.0,0.0,2.0,False
SIN INFORMACION,7,0,0,0,2.8000000000000003,0.0,1.866666666666667,False
SIPI,3,0,0,0,1.2000000000000002,0.0,1.2000000000000002,False
SOCHA,15,0,0,0,6.0,0.0,2.0,False
SOCOTA,23,0,0,0,9.200000000000001,0.0,3.0666666666666664,False
SOLITA,24,0,0,0,9.600000000000001,0.0,3.1999999999999997,False
BARRANCO DE LOBA,20,0,0,0,8.0,0.0,3.2,False
BARRANCO MINAS,1,0,1,1,0.7000000000000001,0.0,0.7,False
LA TOLA,3,0,0,0,1.2000000000000002,0.0,1.2000000000000002,False
BELEN DE BAJIRA,3,0,0,0,1.2000000000000002,0.0,2.4,False
BELMIRA,15,0,0,0,6.0,0.0,3.0,False
JORDAN,3,0,0,0,1.2000000000000002,0.0,1.2000000000000002,False
BERBEO,5,0,0,0,2.0,0.0,1.3333333333333333,False
PURISIMA DE LA CONCEPCION,9,0,0,0,3.6000000000000005,0.0,1.7999999999999998,False
RECETOR,4,0,0,0,1.6,0.0,1.0666666666666667,False
REGIDOR,15,0,0,0,6.0,0.0,2.0,False
PURISIMA,21,0,0,0,8.4,0.0,3.3600000000000003,False
CHISCAS,13,0,0,0,5.200000000000001,0.0,1.7333333333333334,False
CHITA,5,0,0,0,2.0,0.0,1.3333333333333333,False
CHITAGA,24,0,0,0,9.600000000000001,0.0,3.84,False
CHIVOR,17,0,0,0,6.800000000000001,0.0,3.4,False
MANAURE BALCON DEL CESAR,9,0,0,0,3.6,0.0,1.44,False
MANTA,27,0,0,0,10.8,0.0,3.6,False
MARMATO,15,0,0,0,6.000000000000001,0.0,2.4,False
REMOLINO,3,0,0,0,1.2000000000000002,0.0,0.8000000000000002,False
MATANZA,16,0,0,0,6.4,0.0,2.1333333333333333,False
MEDIO ATRATO,2,0,0,0,0.8,0.0,0.8,False
PUERTO NARINO,16,0,0,0,6.4,0.0,3.2,False
PULI,39,0,0,0,15.600000000000001,0.0,5.2,False
JURADO,2,0,0,0,0.8,0.0,0.8,False
FUNES,18,0,0,0,7.2,0.0,2.4,False
GALAN,11,0,0,0,4.4,0.0,1.4666666666666668,False
EL GUACAMAYO,11,0,0,0,4.4,0.0,1.4666666666666668,False
EL GUAMO,17,0,0,0,6.800000000000001,0.0,2.2666666666666666,False
EL LITORAL DEL SAN JUAN,5,0,0,0,2.0,0.0,2.0,False
EL PENOL,18,0,0,0,7.200000000000001,0.0,2.88,False
EL PINON,22,0,0,0,8.8,0.0,3.5200000000000005,False
EL ROBLE,22,0,0,0,8.8,0.0,2.9333333333333336,False
EL ROSARIO,14,0,0,0,5.6000000000000005,0.0,2.8,False
CONFINES,13,0,0,0,5.2,0.0,2.08,False
MARQUETALIA,22,0,0,0,8.8,0.0,4.3999999999999995,False
SURATA,26,0,0,0,10.4,0.0,4.16,False
SUSACON,10,0,0,0,4.0,0.0,2.0,False
SUTAMARCHAN,18,0,0,0,7.200000000000001,0.0,2.88,False
SUTATENZA,20,0,0,0,8.0,0.0,2.6666666666666665,False
ARROYOHONDO,12,0,0,0,4.800000000000001,0.0,1.92,False
ATRATO,22,0,0,0,8.8,0.0,2.9333333333333336,False
BAGADO,6,0,0,0,2.4000000000000004,0.0,1.2000000000000002,False
MONGUI,18,0,0,0,7.200000000000001,0.0,3.5999999999999996,False
EL CANTON DEL SAN PABLO,5,0,0,0,2.0,0.0,1.0,False
EL CARMEN DE ATRATO,25,0,0,0,10.0,0.0,3.3333333333333335,False
PUERRES,27,0,0,0,10.8,0.0,3.6,False
MEDIO BAUDO,7,0,0,0,2.8,0.0,2.8,False
MEDIO SAN JUAN,9,0,0,0,3.6,0.0,1.8,False
BAJO BAUDO,17,0,0,0,6.800000000000001,0.0,2.7199999999999998,False
TASCO,17,0,0,0,6.800000000000001,0.0,2.2666666666666666,False
TENERIFE,27,0,0,0,10.8,0.0,3.6,False
TENZA,11,0,0,0,4.4,0.0,1.4666666666666668,False
TEORAMA,14,0,0,0,5.6000000000000005,0.0,2.2399999999999998,False
TIMBIQUI,26,0,0,0,10.4,0.0,3.466666666666667,False
PISBA,12,0,0,0,4.800000000000001,0.0,1.92,False
CONTRATACION,13,0,0,0,5.2,0.0,1.7333333333333334,False
COPER,16,0,0,0,6.4,0.0,2.56,False
CORRALES,17,0,0,0,6.800000000000001,0.0,2.2666666666666666,False
COVARACHIA,6,0,0,0,2.4000000000000004,0.0,1.6000000000000003,False
CRAVO NORTE,23,0,0,0,9.200000000000001,0.0,3.0666666666666664,False
MILAN,26,0,0,0,10.4,0.0,3.466666666666667,False
MOLAGAVITA,12,0,0,0,4.800000000000001,0.0,1.92,False
CUMBITARA,27,0,0,0,10.8,0.0,4.32,False
PAUNA,27,0,0,0,10.8,0.0,3.6,False
PAYA,16,0,0,0,6.4,0.0,2.1333333333333333,False
PAZ DE RIO,5,0,0,0,2.0,0.0,1.0,False
SUPATA,29,0,0,0,11.600000000000001,0.0,3.8666666666666667,False
PEDRAZA,10,0,0,0,4.0,0.0,2.0,False
PELAYA,35,0,0,0,14.0,0.0,4.666666666666667,False
PEQUE,10,0,0,0,4.0,0.0,2.0,False
PIJAO,19,0,0,0,7.6000000000000005,0.0,2.533333333333333,False
PINCHOTE,24,0,0,0,9.600000000000001,0.0,3.1999999999999997,False
TIPACOQUE,16,0,0,0,6.4,0.0,2.56,False
ARBOLEDAS,16,0,0,0,6.4,0.0,2.1333333333333333,False
GUACA,14,0,0,0,5.6000000000000005,0.0,2.8,False
IMUES,34,0,0,0,13.600000000000001,0.0,4.533333333333333,False
PALMAS DEL SOCORRO,17,0,0,0,6.800000000000001,0.0,2.2666666666666666,False
EL COCUY,4,0,0,0,1.6,0.0,0.8,False
EL ESPINO,6,0,0,0,2.4000000000000004,0.0,1.2000000000000002,False
MONTECRISTO,19,0,0,0,7.6000000000000005,0.0,2.5333333333333337,False
MORELIA,10,0,0,0,4.0,0.0,2.0,False
MURINDO,12,0,0,0,4.8,0.0,2.4,False
MUTISCUA,17,0,0,0,6.800000000000001,0.0,2.2666666666666666,False
PAMPLONITA,29,0,0,0,11.600000000000001,0.0,3.8666666666666667,False
PANQUEBA,3,0,0,0,1.2000000000000002,0.0,1.2000000000000002,False
PARAMO,15,0,0,0,6.0,0.0,2.4,False
CUBARA,15,0,0,0,6.000000000000001,0.0,2.0,False
IZA,16,0,0,0,6.4,0.0,2.56,False
JAMBALO,24,0,1,1,9.9,0.0,2.8285714285714287,False
JESUS MARIA,10,0,0,0,4.0,0.0,2.0,False
TONA,26,0,0,0,10.400000000000002,0.0,3.466666666666667,False
TOPAGA,21,0,0,0,8.4,0.0,2.8000000000000003,False
TOTA,24,0,0,0,9.600000000000001,0.0,3.1999999999999997,False
NOVITA,18,0,0,0,7.2,0.0,2.4,False
NUQUI,25,0,0,0,10.0,0.0,3.3333333333333335,False
OSPINA,16,0,0,0,6.4,0.0,2.1333333333333333,False
PACHAVITA,8,0,0,0,3.2,0.0,1.28,False
PACOA,1,0,0,0,0.4,0.0,0.8,False
PADILLA,26,0,0,0,10.4,0.0,3.4666666666666663,False
PAIME,31,0,0,0,12.400000000000002,0.0,4.133333333333334,False
PAJARITO,26,0,0,0,10.4,0.0,3.466666666666667,False
PALMAR,8,0,0,0,3.2,0.0,2.1333333333333333,False
TUNUNGUA,11,0,0,0,4.4,0.0,2.9333333333333336,False
TUTAZA,8,0,0,0,3.2,0.0,1.5999999999999999,False
UMBITA,11,0,0,0,4.4,0.0,1.4666666666666668,False
UNION PANAMERICANA,25,0,0,0,10.0,0.0,3.3333333333333335,False
URUMITA,28,0,0,0,11.200000000000001,0.0,3.733333333333333,False
GUAYATA,15,0,0,0,6.0,0.0,3.0,False
OLAYA,8,0,0,0,3.2,0.0,1.6,False
OLAYA HERRERA,8,0,0,0,3.2,0.0,1.6,False
DURANIA,10,0,0,0,4.0,0.0,1.3333333333333333,False
EL AGUILA,15,0,0,0,6.0,0.0,12.9,False
EL CAIRO,35,0,0,0,14.000000000000002,0.0,26.515,False
EL CALVARIO,11,0,0,0,4.4,0.0,1.7600000000000002,False
NATAGA,18,0,0,0,7.2,0.0,2.4,False
NIMAIMA,37,0,0,0,14.8,0.0,4.933333333333334,False
NORCASIA,19,0,0,0,7.6000000000000005,0.0,2.5333333333333337,False
GUICAN,4,0,0,0,1.6,0.0,1.0666666666666667,False
HACARI,3,0,0,0,1.2000000000000002,0.0,1.2000000000000002,False
HATO,12,0,0,0,4.800000000000001,0.0,1.6000000000000003,False
HELICONIA,17,0,0,0,6.800000000000001,0.0,2.7199999999999998,False
HERRAN,12,0,0,0,4.800000000000001,0.0,1.5999999999999999,False
GONZALEZ,14,0,0,0,5.6000000000000005,0.0,2.8,False
GRAMALOTE,4,0,0,0,1.6,0.0,1.0666666666666667,False
VALENCIA,17,0,0,0,6.800000000000001,0.0,2.2666666666666666,False
AGUADA,7,0,0,0,2.8000000000000003,0.0,1.866666666666667,False
ACHI,15,0,0,0,6.0,0.0,2.0,False
ALMAGUER,35,0,0,0,14.000000000000002,0.0,4.666666666666667,False
ALMEIDA,7,0,0,0,2.8,0.0,1.8666666666666665,False
ALTAMIRA,19,0,0,0,7.600000000000001,0.0,3.04,False
,4,0,0,0,1.6,0.0,1.0666666666666667,False
